{"stats":{"minecraft:used":{"minecraft:wheat_seeds":3,"gamma_beasts:cherry":4,"minecraft:item_frame":1},"minecraft:picked_up":{"gamma_beasts:cherry":8,"minecraft:wheat":3,"minecraft:wheat_seeds":17,"minecraft:hay_block":19,"minecraft:emerald":1,"minecraft:item_frame":1},"minecraft:dropped":{"minecraft:wheat_seeds":9},"minecraft:mined":{"gamma_beasts:cherry_hoja":4,"minecraft:hay_block":26,"minecraft:grass":7,"minecraft:cherry_leaves":1,"minecraft:wheat":3,"minecraft:tall_grass":4},"minecraft:custom":{"minecraft:open_chest":6,"minecraft:time_since_rest":13812,"minecraft:crouch_one_cm":3721,"minecraft:sprint_one_cm":12928,"minecraft:play_time":13812,"minecraft:damage_taken":220,"minecraft:walk_one_cm":29655,"minecraft:sneak_time":3554,"minecraft:drop":9,"minecraft:jump":138,"minecraft:damage_dealt":30,"minecraft:leave_game":1,"minecraft:time_since_death":13812,"minecraft:total_world_time":13812,"minecraft:climb_one_cm":876,"minecraft:interact_with_crafting_table":1,"minecraft:talked_to_villager":1,"minecraft:fall_one_cm":8285,"minecraft:fly_one_cm":23552}},"DataVersion":3465}