{"stats":{"minecraft:killed_by":{"minecraft:zombie":1},"minecraft:mined":{"minecraft:hay_block":77,"gamma_beasts:roble_hoja_1":1,"minecraft:glass_pane":1,"minecraft:wheat":31,"gamma_beasts:roblo_hoja":1,"minecraft:crafting_table":1,"gamma_beasts:cherry_hoja":4,"minecraft:grass":9,"minecraft:grass_block":27,"minecraft:oak_log":2,"minecraft:yellow_carpet":2,"minecraft:oak_stairs":1,"minecraft:cherry_leaves":1,"minecraft:dirt":14,"minecraft:tall_grass":5,"minecraft:stone":13},"minecraft:dropped":{"minecraft:dirt":9,"minecraft:wheat_seeds":9,"gamma_beasts:oak_leaf":1},"minecraft:crafted":{"minecraft:oak_planks":8,"minecraft:stick":8,"minecraft:wooden_pickaxe":1,"minecraft:stone_pickaxe":1,"minecraft:bread":217,"minecraft:wheat":585},"minecraft:picked_up":{"minecraft:pink_petals":7,"minecraft:crafting_table":1,"gamma_beasts:cherry":8,"minecraft:wheat":30,"minecraft:andesite":1,"minecraft:oak_stairs":1,"gamma_beasts:green_apple":3,"minecraft:oak_log":2,"gamma_beasts:oak_leaf":1,"minecraft:dirt":41,"minecraft:lantern":1,"minecraft:item_frame":2,"minecraft:experience_bottle":1,"minecraft:yellow_carpet":2,"minecraft:wheat_seeds":95,"minecraft:hay_block":77,"minecraft:iron_ingot":2,"gamma_beasts:coal_nugget":1,"minecraft:emerald":1,"minecraft:cobblestone":13},"minecraft:custom":{"minecraft:time_since_rest":70,"minecraft:sprint_one_cm":47181,"minecraft:damage_taken":700,"minecraft:walk_one_cm":92971,"minecraft:drop":19,"minecraft:damage_dealt":91,"minecraft:talked_to_villager":1,"minecraft:interact_with_crafting_table":4,"minecraft:fly_one_cm":86886,"minecraft:open_chest":11,"minecraft:crouch_one_cm":25669,"minecraft:play_time":45893,"minecraft:deaths":1,"minecraft:sneak_time":16088,"minecraft:jump":677,"minecraft:leave_game":9,"minecraft:walk_on_water_one_cm":3125,"minecraft:time_since_death":47,"minecraft:sleep_in_bed":1,"minecraft:climb_one_cm":3275,"minecraft:total_world_time":45893,"minecraft:fall_one_cm":23986},"minecraft:used":{"minecraft:wheat_seeds":30,"minecraft:lantern":1,"minecraft:oak_stairs":1,"minecraft:bread":3,"minecraft:stone_pickaxe":5,"minecraft:iron_helmet":1,"minecraft:wooden_pickaxe":9,"gamma_beasts:green_apple":2,"minecraft:iron_boots":1,"gamma_beasts:cherry":8,"minecraft:item_frame":2,"minecraft:pink_petals":7,"minecraft:iron_chestplate":1,"minecraft:dirt":31,"minecraft:cobblestone":6,"minecraft:hay_block":12,"minecraft:andesite":1,"minecraft:yellow_carpet":2,"minecraft:iron_leggings":1,"minecraft:experience_bottle":1}},"DataVersion":3465}