{"stats":{"minecraft:mined":{"minecraft:hay_block":64,"minecraft:glass_pane":1,"minecraft:wheat":3,"gamma_beasts:cherry_hoja":4,"minecraft:grass":8,"minecraft:yellow_carpet":2,"minecraft:oak_stairs":1,"minecraft:cherry_leaves":1,"minecraft:tall_grass":5},"minecraft:dropped":{"minecraft:wheat_seeds":9},"minecraft:picked_up":{"gamma_beasts:cherry":8,"minecraft:wheat":3,"minecraft:oak_stairs":1,"minecraft:item_frame":2,"minecraft:yellow_carpet":2,"minecraft:wheat_seeds":19,"minecraft:hay_block":64,"minecraft:iron_ingot":2,"minecraft:emerald":1},"minecraft:custom":{"minecraft:time_since_rest":8967,"minecraft:sprint_one_cm":23540,"minecraft:damage_taken":300,"minecraft:walk_one_cm":50343,"minecraft:drop":9,"minecraft:damage_dealt":30,"minecraft:talked_to_villager":1,"minecraft:interact_with_crafting_table":1,"minecraft:fly_one_cm":37514,"minecraft:open_chest":8,"minecraft:crouch_one_cm":12028,"minecraft:play_time":27546,"minecraft:sneak_time":8663,"minecraft:jump":293,"minecraft:leave_game":2,"minecraft:walk_on_water_one_cm":385,"minecraft:time_since_death":27546,"minecraft:sleep_in_bed":1,"minecraft:climb_one_cm":2953,"minecraft:total_world_time":27546,"minecraft:fall_one_cm":13293},"minecraft:used":{"minecraft:wheat_seeds":3,"minecraft:oak_stairs":1,"minecraft:iron_helmet":1,"minecraft:iron_boots":1,"gamma_beasts:cherry":6,"minecraft:item_frame":2,"minecraft:iron_chestplate":1,"minecraft:hay_block":10,"minecraft:yellow_carpet":2,"minecraft:iron_leggings":1}},"DataVersion":3465}