{"stats":{"minecraft:mined":{"minecraft:hay_block":77,"minecraft:glass_pane":1,"minecraft:wheat":31,"gamma_beasts:cherry_hoja":4,"minecraft:grass":8,"minecraft:grass_block":3,"minecraft:oak_log":2,"minecraft:yellow_carpet":2,"minecraft:oak_stairs":1,"minecraft:cherry_leaves":1,"minecraft:tall_grass":5},"minecraft:dropped":{"minecraft:wheat_seeds":9},"minecraft:crafted":{"minecraft:oak_planks":8,"minecraft:stick":4,"minecraft:wooden_pickaxe":1,"minecraft:bread":217,"minecraft:wheat":585},"minecraft:picked_up":{"gamma_beasts:cherry":8,"minecraft:wheat":30,"minecraft:oak_stairs":1,"minecraft:oak_log":2,"minecraft:dirt":3,"minecraft:lantern":1,"minecraft:item_frame":2,"minecraft:experience_bottle":1,"minecraft:yellow_carpet":2,"minecraft:wheat_seeds":95,"minecraft:hay_block":77,"minecraft:iron_ingot":2,"minecraft:emerald":1},"minecraft:custom":{"minecraft:time_since_rest":19439,"minecraft:sprint_one_cm":42321,"minecraft:damage_taken":422,"minecraft:walk_one_cm":83532,"minecraft:drop":9,"minecraft:damage_dealt":30,"minecraft:talked_to_villager":1,"minecraft:interact_with_crafting_table":3,"minecraft:fly_one_cm":73687,"minecraft:open_chest":11,"minecraft:crouch_one_cm":18803,"minecraft:play_time":38018,"minecraft:sneak_time":12150,"minecraft:jump":479,"minecraft:leave_game":6,"minecraft:walk_on_water_one_cm":2391,"minecraft:time_since_death":38018,"minecraft:sleep_in_bed":1,"minecraft:climb_one_cm":3275,"minecraft:total_world_time":38018,"minecraft:fall_one_cm":16637},"minecraft:used":{"minecraft:wheat_seeds":30,"minecraft:lantern":1,"minecraft:oak_stairs":1,"minecraft:bread":1,"minecraft:iron_helmet":1,"minecraft:iron_boots":1,"gamma_beasts:cherry":8,"minecraft:item_frame":2,"minecraft:iron_chestplate":1,"minecraft:dirt":3,"minecraft:hay_block":12,"minecraft:yellow_carpet":2,"minecraft:iron_leggings":1,"minecraft:experience_bottle":1}},"DataVersion":3465}