{"stats":{"minecraft:custom":{"minecraft:interact_with_furnace":13,"minecraft:interact_with_anvil":1,"minecraft:mob_kills":1,"minecraft:interact_with_crafting_table":11,"minecraft:open_barrel":1,"minecraft:bell_ring":8,"minecraft:leave_game":3,"minecraft:time_since_death":41294,"minecraft:sleep_in_bed":7,"minecraft:climb_one_cm":4216,"minecraft:time_since_rest":10751,"minecraft:sprint_one_cm":115482,"minecraft:damage_taken":1297,"minecraft:walk_one_cm":258357,"minecraft:drop":2,"minecraft:damage_dealt":234,"minecraft:swim_one_cm":16153,"minecraft:talked_to_villager":9,"minecraft:fly_one_cm":346284,"minecraft:open_chest":8,"minecraft:crouch_one_cm":52522,"minecraft:play_time":104115,"minecraft:deaths":2,"minecraft:sneak_time":27401,"minecraft:walk_under_water_one_cm":1520,"minecraft:jump":1896,"minecraft:interact_with_blast_furnace":1,"minecraft:walk_on_water_one_cm":4963,"minecraft:total_world_time":122299,"minecraft:fall_one_cm":48144},"minecraft:mined":{"minecraft:cherry_log":54,"farmersdelight:wild_carrots":1,"gamma_beasts:roblo_hoja":2,"minecraft:spruce_door":1,"minecraft:torch":4,"minecraft:dark_oak_wood":6,"minecraft:grass_block":38,"ecologics:walnut_leaves":6,"minecraft:chest":2,"gamma_beasts:cherry_hoja_1":10,"quark:hollow_cherry_log":3,"minecraft:tall_grass":9,"minecraft:cobblestone":9,"ars_nouveau:sourceberry_bush":3,"minecraft:sandstone":1,"minecraft:pink_petals":10,"minecraft:furnace":1,"minecraft:iron_ore":17,"minecraft:white_wall_banner":1,"minecraft:dark_oak_stairs":1,"gamma_beasts:cherry_hoja":12,"minecraft:grass":29,"minecraft:pointed_dripstone":3,"minecraft:coal_ore":30,"minecraft:cobblestone_slab":2,"minecraft:vine":1,"minecraft:iron_bars":4,"minecraft:cherry_leaves":21,"crittersandcompanions:silk_cocoon":1,"minecraft:dirt":18,"gamma_beasts:thin_cherry_log":21,"minecraft:stone":11,"anthropology_items__structures:cracked_limestone_brick":1},"minecraft:killed_by":{"minecraft:skeleton":1,"gamma_beasts:crasu_a":1},"minecraft:crafted":{"minecraft:cherry_planks":8,"minecraft:wooden_pickaxe":1,"minecraft:iron_sword":1,"minecraft:bucket":1,"minecraft:air":0,"minecraft:iron_axe":1,"minecraft:stick":4,"minecraft:iron_ingot":11,"minecraft:stone_pickaxe":1,"minecraft:wooden_axe":1,"minecraft:torch":12},"minecraft:killed":{"minecraft:zombie":1},"minecraft:used":{"minecraft:water_bucket":2,"minecraft:spruce_door":1,"minecraft:armor_stand":3,"minecraft:stone_pickaxe":71,"minecraft:chest":2,"minecraft:wooden_pickaxe":43,"minecraft:rotten_flesh":4,"minecraft:salmon":1,"minecraft:torch":15,"minecraft:red_bed":1,"minecraft:wooden_axe":58,"minecraft:apple":9,"minecraft:iron_axe":41,"minecraft:bread":1,"minecraft:iron_boots":1,"gamma_beasts:cherry":16,"minecraft:enchanted_book":1,"minecraft:cobblestone":4,"minecraft:furnace":1,"ars_nouveau:sourceberry_bush":8,"minecraft:bucket":3,"minecraft:cherry_log":1},"minecraft:dropped":{"minecraft:iron_helmet":1,"minecraft:dandelion":1},"minecraft:broken":{"minecraft:wooden_axe":1},"minecraft:picked_up":{"minecraft:pink_petals":48,"minecraft:iron_chestplate":2,"gamma_beasts:cherry":26,"minecraft:salmon":1,"minecraft:enchanted_book":1,"gamma_beasts:green_apple":3,"minecraft:red_bed":1,"minecraft:dirt":47,"minecraft:white_banner":2,"gamma_beasts:cherry_leaf":14,"minecraft:iron_leggings":2,"minecraft:armor_stand":3,"minecraft:bone":2,"minecraft:apple":3,"minecraft:wheat_seeds":5,"minecraft:stone_pickaxe":1,"anthropology_items__structures:cracked_limestone_brick":2,"minecraft:chest":2,"minecraft:oak_planks":12,"minecraft:mangrove_log":2,"minecraft:dark_oak_stairs":1,"minecraft:iron_boots":2,"minecraft:furnace":1,"minecraft:book":2,"minecraft:stick":27,"minecraft:raw_iron":17,"gamma_beasts:thin_cherry_log":21,"minecraft:torch":3,"minecraft:dandelion":2,"minecraft:cherry_log":54,"minecraft:pointed_dripstone":14,"minecraft:spruce_door":1,"minecraft:rotten_flesh":4,"quark:hollow_cherry_log":3,"create:track":2,"crittersandcompanions:silk":10,"minecraft:iron_helmet":2,"minecraft:cherry_sapling":34,"gamma_beasts:coal_nugget":15,"ars_nouveau:sourceberry_bush":8,"minecraft:dark_oak_wood":12,"minecraft:iron_bars":8,"minecraft:coal":30,"minecraft:cobblestone":17}},"DataVersion":3465}