{"stats":{"minecraft:dropped":{"grimoireofgaia:book_of_memory":1},"minecraft:used":{"minecraft:spyglass":106,"minecraft:carrot":20},"minecraft:picked_up":{"minecraft:egg":3,"minecraft:sunflower":1},"minecraft:killed_by":{"minecraft:zombie":2},"minecraft:mined":{"minecraft:acacia_leaves":1,"minecraft:sunflower":1},"minecraft:custom":{"minecraft:open_barrel":5,"minecraft:time_since_rest":18082,"minecraft:open_chest":1,"minecraft:crouch_one_cm":33043,"minecraft:sprint_one_cm":61777,"minecraft:play_time":56952,"minecraft:damage_taken":820,"minecraft:deaths":2,"minecraft:walk_one_cm":50621,"minecraft:sneak_time":32352,"minecraft:walk_under_water_one_cm":11718,"minecraft:drop":1,"minecraft:jump":870,"minecraft:damage_dealt":51,"minecraft:leave_game":21,"minecraft:walk_on_water_one_cm":7232,"minecraft:time_since_death":49730,"minecraft:sleep_in_bed":2,"minecraft:climb_one_cm":850,"minecraft:total_world_time":56952,"minecraft:swim_one_cm":26697,"minecraft:fall_one_cm":13017,"minecraft:fly_one_cm":289128}},"DataVersion":3465}