{"stats":{"minecraft:crafted":{"minecraft:iron_sword":1,"minecraft:bucket":1,"minecraft:air":0,"minecraft:iron_axe":1,"minecraft:iron_ingot":10,"minecraft:torch":12},"minecraft:used":{"minecraft:water_bucket":2,"minecraft:spruce_door":1,"minecraft:armor_stand":3,"minecraft:stone_pickaxe":63,"minecraft:chest":1,"minecraft:rotten_flesh":3,"minecraft:salmon":1,"minecraft:torch":15,"minecraft:red_bed":1,"minecraft:wooden_axe":57,"minecraft:apple":9,"minecraft:iron_axe":41,"minecraft:bread":1,"minecraft:iron_boots":1,"gamma_beasts:cherry":9,"minecraft:enchanted_book":1,"minecraft:cobblestone":3,"ars_nouveau:sourceberry_bush":8,"minecraft:bucket":3},"minecraft:picked_up":{"minecraft:pink_petals":40,"minecraft:iron_chestplate":2,"gamma_beasts:cherry":16,"minecraft:salmon":1,"gamma_beasts:green_apple":3,"minecraft:dirt":31,"minecraft:white_banner":1,"gamma_beasts:cherry_leaf":11,"minecraft:iron_leggings":2,"minecraft:armor_stand":3,"minecraft:bone":1,"minecraft:apple":3,"minecraft:wheat_seeds":4,"minecraft:stone_pickaxe":1,"anthropology_items__structures:cracked_limestone_brick":1,"minecraft:chest":1,"minecraft:oak_planks":6,"minecraft:mangrove_log":1,"minecraft:iron_boots":2,"minecraft:stick":25,"minecraft:raw_iron":11,"gamma_beasts:thin_cherry_log":21,"minecraft:torch":3,"minecraft:dandelion":2,"minecraft:cherry_log":35,"minecraft:pointed_dripstone":7,"minecraft:spruce_door":1,"minecraft:rotten_flesh":3,"quark:hollow_cherry_log":3,"crittersandcompanions:silk":5,"minecraft:iron_helmet":2,"minecraft:cherry_sapling":27,"gamma_beasts:coal_nugget":1,"ars_nouveau:sourceberry_bush":8,"minecraft:dark_oak_wood":6,"minecraft:iron_bars":4,"minecraft:coal":6,"minecraft:cobblestone":3},"minecraft:dropped":{"minecraft:iron_helmet":1,"minecraft:dandelion":1},"minecraft:killed":{"minecraft:zombie":1},"minecraft:mined":{"minecraft:cherry_log":35,"farmersdelight:wild_carrots":1,"gamma_beasts:roblo_hoja":2,"minecraft:spruce_door":1,"minecraft:torch":4,"minecraft:dark_oak_wood":6,"minecraft:grass_block":37,"ecologics:walnut_leaves":6,"minecraft:chest":1,"gamma_beasts:cherry_hoja_1":10,"quark:hollow_cherry_log":3,"minecraft:tall_grass":9,"minecraft:cobblestone":5,"ars_nouveau:sourceberry_bush":3,"minecraft:sandstone":1,"minecraft:pink_petals":8,"minecraft:iron_ore":11,"minecraft:white_wall_banner":1,"gamma_beasts:cherry_hoja":7,"minecraft:grass":27,"minecraft:pointed_dripstone":3,"minecraft:coal_ore":7,"minecraft:cobblestone_slab":2,"minecraft:vine":1,"minecraft:iron_bars":4,"minecraft:cherry_leaves":8,"crittersandcompanions:silk_cocoon":1,"minecraft:dirt":18,"gamma_beasts:thin_cherry_log":21,"minecraft:stone":1,"anthropology_items__structures:cracked_limestone_brick":1},"minecraft:custom":{"minecraft:interact_with_furnace":7,"minecraft:mob_kills":1,"minecraft:interact_with_crafting_table":7,"minecraft:open_barrel":1,"minecraft:bell_ring":8,"minecraft:leave_game":2,"minecraft:time_since_death":4154,"minecraft:sleep_in_bed":4,"minecraft:climb_one_cm":2256,"minecraft:time_since_rest":4194,"minecraft:sprint_one_cm":101045,"minecraft:damage_taken":1116,"minecraft:walk_one_cm":207930,"minecraft:drop":2,"minecraft:damage_dealt":228,"minecraft:swim_one_cm":16153,"minecraft:talked_to_villager":9,"minecraft:fly_one_cm":308090,"minecraft:open_chest":6,"minecraft:crouch_one_cm":42833,"minecraft:play_time":66975,"minecraft:deaths":2,"minecraft:sneak_time":11770,"minecraft:walk_under_water_one_cm":1520,"minecraft:jump":1503,"minecraft:interact_with_blast_furnace":1,"minecraft:walk_on_water_one_cm":4963,"minecraft:total_world_time":85159,"minecraft:fall_one_cm":38814},"minecraft:killed_by":{"minecraft:skeleton":1,"gamma_beasts:crasu_a":1},"minecraft:broken":{"minecraft:wooden_axe":1}},"DataVersion":3465}