{"stats":{"minecraft:used":{"minecraft:spyglass":87,"minecraft:carrot":18},"minecraft:picked_up":{"minecraft:egg":3,"minecraft:sunflower":1},"minecraft:mined":{"minecraft:acacia_leaves":1,"minecraft:sunflower":1},"minecraft:custom":{"minecraft:open_barrel":5,"minecraft:time_since_rest":4648,"minecraft:open_chest":1,"minecraft:crouch_one_cm":32892,"minecraft:sprint_one_cm":51473,"minecraft:play_time":43518,"minecraft:damage_taken":820,"minecraft:deaths":2,"minecraft:walk_one_cm":31190,"minecraft:sneak_time":31524,"minecraft:walk_under_water_one_cm":9848,"minecraft:jump":718,"minecraft:damage_dealt":31,"minecraft:leave_game":19,"minecraft:walk_on_water_one_cm":2825,"minecraft:time_since_death":36296,"minecraft:sleep_in_bed":2,"minecraft:climb_one_cm":850,"minecraft:total_world_time":43518,"minecraft:swim_one_cm":10113,"minecraft:fall_one_cm":13017,"minecraft:fly_one_cm":189471},"minecraft:killed_by":{"minecraft:zombie":2}},"DataVersion":3465}