{"stats":{"minecraft:picked_up":{"minecraft:egg":3,"minecraft:sunflower":1},"minecraft:killed_by":{"minecraft:zombie":2},"minecraft:used":{"minecraft:spyglass":72,"minecraft:carrot":18},"minecraft:custom":{"minecraft:open_barrel":5,"minecraft:time_since_rest":25016,"minecraft:open_chest":1,"minecraft:crouch_one_cm":27692,"minecraft:sprint_one_cm":44311,"minecraft:play_time":35201,"minecraft:damage_taken":820,"minecraft:deaths":2,"minecraft:walk_one_cm":24122,"minecraft:sneak_time":26701,"minecraft:walk_under_water_one_cm":401,"minecraft:jump":636,"minecraft:damage_dealt":31,"minecraft:leave_game":17,"minecraft:walk_on_water_one_cm":1837,"minecraft:time_since_death":27979,"minecraft:sleep_in_bed":1,"minecraft:climb_one_cm":850,"minecraft:total_world_time":35201,"minecraft:swim_one_cm":6688,"minecraft:fall_one_cm":13017,"minecraft:fly_one_cm":128367},"minecraft:mined":{"minecraft:acacia_leaves":1,"minecraft:sunflower":1}},"DataVersion":3465}