{
  "travelersbackpack:standard_from_custom": {
    "criteria": {
      "has_the_recipe": "2024-09-30 05:55:29 +0000"
    },
    "done": true
  },
  "crabbersdelight:main/root": {
    "criteria": {
      "seeds": "2024-09-30 05:55:30 +0000"
    },
    "done": true
  },
  "petrolsparts:root": {
    "criteria": {
      "automatic": "2024-09-30 05:55:30 +0000"
    },
    "done": true
  },
  "ars_nouveau:root": {
    "criteria": {
      "ars_nouveau:worn_notebook": "2024-09-30 05:55:30 +0000"
    },
    "done": true
  },
  "farmersdelight:main/root": {
    "criteria": {
      "seeds": "2024-09-30 05:55:30 +0000"
    },
    "done": true
  },
  "create:root": {
    "criteria": {
      "0": "2024-09-30 05:55:30 +0000"
    },
    "done": true
  },
  "create_dd:root": {
    "criteria": {
      "0": "2024-09-30 05:55:30 +0000"
    },
    "done": true
  },
  "grimoireofgaia:main/root": {
    "criteria": {
      "join": "2024-09-30 05:55:31 +0000"
    },
    "done": true
  },
  "takesapillage:root": {
    "criteria": {
      "always": "2024-09-30 05:55:32 +0000"
    },
    "done": true
  },
  "betterdungeons:root": {
    "criteria": {
      "always": "2024-09-30 05:55:32 +0000"
    },
    "done": true
  },
  "betterdeserttemples:root": {
    "criteria": {
      "always": "2024-09-30 05:55:32 +0000"
    },
    "done": true
  },
  "undergarden:undergarden/root": {
    "criteria": {
      "tick": "2024-09-30 05:55:32 +0000"
    },
    "done": true
  },
  "incendium:technical/new_player": {
    "criteria": {
      "requirement": "2024-09-30 05:55:32 +0000"
    },
    "done": true
  },
  "incendium:technical/using/trailblazer": {
    "criteria": {
      "log_spam_fixer": "2024-09-30 05:55:33 +0000"
    },
    "done": false
  },
  "incendium:technical/scroll_of_returning": {
    "criteria": {
      "log_spam_fixer": "2024-09-30 05:55:33 +0000"
    },
    "done": false
  },
  "minecraft:adventure/adventuring_time": {
    "criteria": {
      "minecraft:cherry_grove": "2024-09-30 05:55:33 +0000",
      "minecraft:river": "2024-09-30 06:23:51 +0000",
      "minecraft:plains": "2024-09-30 05:59:00 +0000"
    },
    "done": false
  },
  "incendium:technical/using/ragnarok": {
    "criteria": {
      "log_spam_fixer": "2024-09-30 05:55:33 +0000"
    },
    "done": false
  },
  "incendium:technical/using/shield": {
    "criteria": {
      "log_spam_fixer": "2024-09-30 05:55:33 +0000"
    },
    "done": false
  },
  "minecraft:story/upgrade_tools": {
    "criteria": {
      "stone_pickaxe": "2024-09-30 05:56:14 +0000"
    },
    "done": true
  },
  "minecraft:husbandry/balanced_diet": {
    "criteria": {
      "apple": "2024-09-30 05:59:29 +0000",
      "bread": "2024-10-01 05:24:16 +0000",
      "rotten_flesh": "2024-09-30 06:29:11 +0000",
      "salmon": "2024-09-30 06:16:55 +0000"
    },
    "done": false
  },
  "minecraft:husbandry/root": {
    "criteria": {
      "consumed_item": "2024-09-30 05:59:29 +0000"
    },
    "done": true
  },
  "minecraft:adventure/sleep_in_bed": {
    "criteria": {
      "slept_in_bed": "2024-09-30 06:06:21 +0000"
    },
    "done": true
  },
  "minecraft:story/obtain_armor": {
    "criteria": {
      "iron_helmet": "2024-09-30 06:08:22 +0000"
    },
    "done": true
  },
  "minecraft:story/mine_stone": {
    "criteria": {
      "get_stone": "2024-09-30 06:16:21 +0000"
    },
    "done": true
  },
  "minecraft:adventure/root": {
    "criteria": {
      "killed_something": "2024-09-30 06:18:15 +0000"
    },
    "done": true
  },
  "minecraft:adventure/kill_all_mobs": {
    "criteria": {
      "minecraft:zombie": "2024-09-30 06:18:15 +0000"
    },
    "done": false
  },
  "minecraft:adventure/kill_a_mob": {
    "criteria": {
      "minecraft:zombie": "2024-09-30 06:18:15 +0000"
    },
    "done": true
  },
  "minecraft:story/smelt_iron": {
    "criteria": {
      "iron": "2024-09-30 06:32:20 +0000"
    },
    "done": true
  },
  "DataVersion": 3465
}