{
  "minecraft:adventure/adventuring_time": {
    "criteria": {
      "minecraft:sunflower_plains": "2024-09-30 01:46:08 +0000",
      "minecraft:beach": "2024-09-30 03:58:44 +0000",
      "minecraft:river": "2024-09-30 02:33:53 +0000",
      "minecraft:savanna": "2024-09-30 02:33:40 +0000"
    },
    "done": false
  },
  "ars_nouveau:root": {
    "criteria": {
      "ars_nouveau:worn_notebook": "2024-09-30 02:00:11 +0000"
    },
    "done": true
  },
  "farmersdelight:main/root": {
    "criteria": {
      "seeds": "2024-09-30 02:16:43 +0000"
    },
    "done": true
  },
  "create:root": {
    "criteria": {
      "0": "2024-09-30 02:16:44 +0000"
    },
    "done": true
  },
  "crabbersdelight:main/root": {
    "criteria": {
      "seeds": "2024-09-30 02:16:44 +0000"
    },
    "done": true
  },
  "betterdungeons:root": {
    "criteria": {
      "always": "2024-09-30 02:21:13 +0000"
    },
    "done": true
  },
  "betterdeserttemples:root": {
    "criteria": {
      "always": "2024-09-30 02:21:13 +0000"
    },
    "done": true
  },
  "minecraft:adventure/root": {
    "criteria": {
      "killed_by_something": "2024-09-30 02:22:01 +0000"
    },
    "done": true
  },
  "grimoireofgaia:main/root": {
    "criteria": {
      "join": "2024-09-30 02:32:49 +0000"
    },
    "done": true
  },
  "minecraft:adventure/sleep_in_bed": {
    "criteria": {
      "slept_in_bed": "2024-09-30 02:35:21 +0000"
    },
    "done": true
  },
  "undergarden:undergarden/root": {
    "criteria": {
      "tick": "2024-09-30 02:47:45 +0000"
    },
    "done": true
  },
  "minecraft:husbandry/root": {
    "criteria": {
      "consumed_item": "2024-09-30 02:48:43 +0000"
    },
    "done": true
  },
  "minecraft:husbandry/balanced_diet": {
    "criteria": {
      "carrot": "2024-09-30 02:48:43 +0000"
    },
    "done": false
  },
  "create_dd:root": {
    "criteria": {
      "0": "2024-09-30 02:53:22 +0000"
    },
    "done": true
  },
  "incendium:technical/new_player": {
    "criteria": {
      "requirement": "2024-09-30 03:56:49 +0000"
    },
    "done": true
  },
  "incendium:technical/using/shield": {
    "criteria": {
      "log_spam_fixer": "2024-09-30 03:56:50 +0000"
    },
    "done": false
  },
  "incendium:technical/scroll_of_returning": {
    "criteria": {
      "log_spam_fixer": "2024-09-30 03:56:50 +0000"
    },
    "done": false
  },
  "incendium:technical/using/ragnarok": {
    "criteria": {
      "log_spam_fixer": "2024-09-30 03:56:50 +0000"
    },
    "done": false
  },
  "incendium:technical/using/trailblazer": {
    "criteria": {
      "log_spam_fixer": "2024-09-30 03:56:50 +0000"
    },
    "done": false
  },
  "travelersbackpack:standard_from_custom": {
    "criteria": {
      "has_the_recipe": "2024-09-30 04:17:03 +0000"
    },
    "done": true
  },
  "petrolsparts:root": {
    "criteria": {
      "automatic": "2024-09-30 04:17:03 +0000"
    },
    "done": true
  },
  "takesapillage:root": {
    "criteria": {
      "always": "2024-09-30 04:22:39 +0000"
    },
    "done": true
  },
  "incendium:technical/sentrys_wrath": {
    "criteria": {
      "log_spam_fixer": "2024-09-30 05:24:24 +0000"
    },
    "done": false
  },
  "incendium:technical/on_player_hurt": {
    "criteria": {
      "log_spam_fixer": "2024-09-30 05:24:24 +0000"
    },
    "done": false
  },
  "incendium:technical/on_kill": {
    "criteria": {
      "log_spam_fixer": "2024-09-30 05:24:24 +0000"
    },
    "done": false
  },
  "incendium:technical/on_inventory_change": {
    "criteria": {
      "log_spam_fixer": "2024-09-30 05:24:24 +0000"
    },
    "done": false
  },
  "incendium:technical/holy_wrath": {
    "criteria": {
      "log_spam_fixer": "2024-09-30 05:24:24 +0000"
    },
    "done": false
  },
  "incendium:technical/on_block": {
    "criteria": {
      "log_spam_fixer": "2024-09-30 05:24:24 +0000"
    },
    "done": false
  },
  "incendium:technical/inventory/sentrys_wrath": {
    "criteria": {
      "log_spam_fixer": "2024-09-30 05:24:24 +0000"
    },
    "done": false
  },
  "incendium:technical/feed_ghastling": {
    "criteria": {
      "log_spam_fixer": "2024-09-30 05:24:24 +0000"
    },
    "done": false
  },
  "incendium:technical/firestorm": {
    "criteria": {
      "log_spam_fixer": "2024-09-30 05:24:24 +0000"
    },
    "done": false
  },
  "incendium:technical/inventory/firestorm": {
    "criteria": {
      "log_spam_fixer": "2024-09-30 05:24:24 +0000"
    },
    "done": false
  },
  "incendium:technical/give_ghastling": {
    "criteria": {
      "log_spam_fixer": "2024-09-30 05:24:24 +0000"
    },
    "done": false
  },
  "incendium:technical/multiplex_crossbow": {
    "criteria": {
      "log_spam_fixer": "2024-09-30 05:24:24 +0000"
    },
    "done": false
  },
  "DataVersion": 3465
}